Top queries,Clicks,Impressions,CTR,Position
meta ad agency near me,1,3,33.33%,5.33
"monthly search volume ""product photoshoot services"" india",0,64,0%,1.06
"""product photoshoot services"" monthly search volume india",0,29,0%,1.34
"monthly search volume ""product photoshoot services"" india or kerala",0,20,0%,1.65
best meta ads agency in delhi,0,14,0%,10.64
"monthly search volume india ""product photoshoot services""",0,9,0%,1.22
inside the digital - digital marketing agency | seo | ppc | meta ads delhi,0,8,0%,3
"monthly search volume ""product photoshoot services"" kerala or india",0,6,0%,2.17
"""product photoshoot services"" monthly search volume india or kerala",0,6,0%,3.83
meta ads agency india,0,6,0%,73.67
meta wala,0,5,0%,5
delhi facebook ads agency,0,5,0%,10.2
meta ads agency near me,0,5,0%,12.2
digital marketing agency in east delhi,0,4,0%,11.75
meta ads near me,0,3,0%,1
adswala,0,3,0%,12.33
meta ads expert in delhi,0,3,0%,32
meta ads services near me,0,2,0%,10.5
facebook ads agency in delhi,0,2,0%,12
meta ad agency,0,2,0%,42
meta ads service,0,2,0%,55
meta ads agency,0,2,0%,131.5
promote wala,0,1,0%,3
"search volume ""product photoshoot services"" india or kerala",0,1,0%,10
d2c marketing agency in delhi ncr,0,1,0%,19
google ads,0,1,0%,20
ads wala,0,1,0%,23
meta ads services,0,1,0%,40
ecommerce meta ads agency,0,1,0%,44
meta ads agency in delhi,0,1,0%,70